{
    "hips_position": {
        "x": 0.0,
        "y": -40.0,
        "z": 0.0
    },
    "hips_quaternion": {
        "w": 0.9999999999997522,
        "x": 5.57959237081109e-16,
        "y": -2.135680965408863e-08,
        "z": 7.037296541055259e-07
    },
    "spine_quaternion": {
        "w": 0.9524241491765466,
        "x": -5.313969102249856e-16,
        "y": 0.30477572092422656,
        "z": -6.702482508372095e-07
    },
    "spine1_quaternion": {
        "w": 1.0,
        "x": 3.8774097376398994e-26,
        "y": 4.263257431000138e-14,
        "z": -6.821210263296962e-13
    },
    "spine2_quaternion": {
        "w": 1.0,
        "x": 0.0,
        "y": 0.0,
        "z": 1.80555140205149e-34
    },
    "neck_quaternion": {
        "w": 0.9759000722560548,
        "x": 0.19518001735961982,
        "y": -0.09759000867980991,
        "z": -2.218940127459994e-13
    },
    "head_quaternion": {
        "w": 1.0,
        "x": 0.0,
        "y": 0.0,
        "z": 2.3142171950110643e-36
    },
    "headtop_end_quaternion": {
        "w": 1.0,
        "x": 0.0,
        "y": 0.0,
        "z": 0.0
    },
    "lefteye_quaternion": {
        "w": 1.0,
        "x": 0.0,
        "y": 0.0,
        "z": 0.0
    },
    "righteye_quaternion": {
        "w": 1.0,
        "x": 0.0,
        "y": 0.0,
        "z": 0.0
    },
    "leftshoulder_quaternion": {
        "w": 0.9999999999999898,
        "x": -4.470348358154251e-08,
        "y": -3.856776145194948e-14,
        "z": 1.3563118272941073e-07
    },
    "leftarm_quaternion": {
        "w": 0.8795989939628595,
        "x": 0.08795990070699058,
        "y": -0.35183960282796234,
        "z": -0.30785964264418225
    },
    "leftforearm_quaternion": {
        "w": 0.890870802055102,
        "x": 0.08908708153301115,
        "y": -0.3563483261320446,
        "z": 0.26726125123653816
    },
    "lefthand_quaternion": {
        "w": 0.9805806751289273,
        "x": -0.19611613794814362,
        "y": -4.3835365143559567e-08,
        "z": 9.887373955073114e-12
    },
    "lefthandthumb1_quaternion": {
        "w": 0.9999999898122608,
        "x": -9.023705114414611e-05,
        "y": -8.055161660895284e-05,
        "z": 7.57904337215501e-05
    },
    "lefthandthumb2_quaternion": {
        "w": 0.9999999999763423,
        "x": 1.0496793123344976e-07,
        "y": 4.944397914979514e-06,
        "z": 4.7809589885906805e-06
    },
    "lefthandthumb3_quaternion": {
        "w": 0.9999999999996183,
        "x": 4.661964390915593e-12,
        "y": -5.950992658652015e-07,
        "z": -6.398175287356311e-07
    },
    "lefthandthumb4_quaternion": {
        "w": 1.0,
        "x": 0.0,
        "y": 0.0,
        "z": 0.0
    },
    "lefthandindex1_quaternion": {
        "w": 0.9999999999999971,
        "x": 7.450579175838335e-08,
        "y": 6.72346249855347e-12,
        "z": 1.4901159417490774e-08
    },
    "lefthandindex2_quaternion": {
        "w": 0.9999999999999944,
        "x": -1.0430810704065094e-07,
        "y": -1.4901151423884957e-08,
        "z": 6.7230145062157815e-12
    },
    "lefthandindex3_quaternion": {
        "w": 0.9999999999999982,
        "x": 8.452563803507276e-15,
        "y": -1.4874272480369628e-08,
        "z": 5.961136650967081e-08
    },
    "lefthandindex4_quaternion": {
        "w": 1.0,
        "x": 0.0,
        "y": 0.0,
        "z": 0.0
    },
    "lefthandmiddle1_quaternion": {
        "w": 0.9999999999999984,
        "x": 1.4901155864777115e-08,
        "y": 4.469004011298232e-08,
        "z": -2.9822491143249817e-08
    },
    "lefthandmiddle2_quaternion": {
        "w": 0.9999999999999998,
        "x": -1.4901158529312394e-08,
        "y": -1.4901164746561332e-08,
        "z": 6.726129635897802e-12
    },
    "lefthandmiddle3_quaternion": {
        "w": 1.0,
        "x": 5.59456579573756e-16,
        "y": 6.7223535765714715e-12,
        "z": 1.4901161193847656e-08
    },
    "lefthandmiddle4_quaternion": {
        "w": 1.0,
        "x": 0.0,
        "y": 0.0,
        "z": 0.0
    },
    "lefthandring1_quaternion": {
        "w": 0.9999999999999991,
        "x": 2.980231528226793e-08,
        "y": 2.9795597100701317e-08,
        "z": -1.4914604662408224e-08
    },
    "lefthandring2_quaternion": {
        "w": 0.9999999999999982,
        "x": -2.9802315282267902e-08,
        "y": -2.978214830307019e-08,
        "z": 4.4716912839248755e-08
    },
    "lefthandring3_quaternion": {
        "w": 0.999999999999998,
        "x": 5.960463056453579e-08,
        "y": 1.4894431465961559e-08,
        "z": -1.490787582270056e-08
    },
    "lefthandring4_quaternion": {
        "w": 1.0,
        "x": 0.0,
        "y": 0.0,
        "z": 0.0
    },
    "lefthandpinky1_quaternion": {
        "w": 0.9999999999999993,
        "x": 2.9802317058624774e-08,
        "y": 1.4907881151771097e-08,
        "z": 1.4894434130496838e-08
    },
    "lefthandpinky2_quaternion": {
        "w": 0.9999999999999993,
        "x": 2.9802315282267935e-08,
        "y": 1.4894435906853677e-08,
        "z": -1.4907879375414258e-08
    },
    "lefthandpinky3_quaternion": {
        "w": 0.9999999999999973,
        "x": -5.960463056453575e-08,
        "y": 2.9815765856255814e-08,
        "z": 2.9788868260993616e-08
    },
    "lefthandpinky4_quaternion": {
        "w": 1.0,
        "x": 0.0,
        "y": 0.0,
        "z": 0.0
    },
    "rightshoulder_quaternion": {
        "w": 0.9999999999999991,
        "x": -1.4901161193847643e-08,
        "y": -4.3930442237497637e-14,
        "z": -4.2395697619212984e-08
    },
    "rightarm_quaternion": {
        "w": 0.8369446283831166,
        "x": 0.08369446408545633,
        "y": 0.5021667969841849,
        "z": 0.2008667063222271
    },
    "rightforearm_quaternion": {
        "w": 0.8920752176413386,
        "x": -0.08920752309342951,
        "y": 0.40143383730423704,
        "z": -0.18733578985578017
    },
    "righthand_quaternion": {
        "w": 0.9889363520035758,
        "x": -0.14834045869505635,
        "y": 0.0,
        "z": -4.162918486897415e-10
    },
    "righthandpinky1_quaternion": {
        "w": 0.9284766888997285,
        "x": 6.917669951619033e-08,
        "y": -1.2895514778087493e-05,
        "z": 0.3713906810940437
    },
    "righthandpinky2_quaternion": {
        "w": 0.9950371899685705,
        "x": -1.4827000991742974e-08,
        "y": 1.3790312136194497e-05,
        "z": 0.099503720479578
    },
    "righthandpinky3_quaternion": {
        "w": 0.9805806779388841,
        "x": -8.767072357090404e-08,
        "y": 6.074490604820795e-19,
        "z": 0.19611612389834424
    },
    "righthandpinky4_quaternion": {
        "w": 1.0,
        "x": 0.0,
        "y": 0.0,
        "z": 0.0
    },
    "righthandring1_quaternion": {
        "w": 0.8944271909999153,
        "x": 2.6656001143212775e-08,
        "y": -2.664980473796627e-08,
        "z": 0.44721359549995765
    },
    "righthandring2_quaternion": {
        "w": 0.9950371900631844,
        "x": -2.9654412055845002e-08,
        "y": 2.9633721219517386e-08,
        "z": 0.09950372048903938
    },
    "righthandring3_quaternion": {
        "w": 0.9578262899350769,
        "x": 5.7090882156580314e-08,
        "y": -1.4239521166147936e-08,
        "z": 0.28734786985325433
    },
    "righthandring4_quaternion": {
        "w": 1.0,
        "x": 0.0,
        "y": 0.0,
        "z": 0.0
    },
    "righthandmiddle1_quaternion": {
        "w": 0.9284766889769299,
        "x": 1.3835375859257437e-08,
        "y": -4.149327453676357e-08,
        "z": 0.3713906811249243
    },
    "righthandmiddle2_quaternion": {
        "w": 0.9284766985185726,
        "x": -1.3835378475397843e-08,
        "y": 1.383538424796861e-08,
        "z": 0.3713906572708195
    },
    "righthandmiddle3_quaternion": {
        "w": 0.9950371891753031,
        "x": 5.930803927051247e-08,
        "y": -1.7585642474056915e-05,
        "z": 0.09950372781385604
    },
    "righthandmiddle4_quaternion": {
        "w": 1.0,
        "x": 0.0,