{
    "hips_position": {
        "x": 0.0,
        "y": -40.0,
        "z": 0.0
    },
    "hips_quaternion": {
        "w": 0.9999999999997522,
        "x": 5.57959237081109e-16,
        "y": -2.135680965408863e-08,
        "z": 7.037296541055259e-07
    },
    "spine_quaternion": {
        "w": 0.9999999999997522,
        "x": -5.579414493892166e-16,
        "y": 2.135680965408863e-08,
        "z": -7.037287446108242e-07
    },
    "spine1_quaternion": {
        "w": 1.0,
        "x": 3.8774097376398994e-26,
        "y": 4.263257431000138e-14,
        "z": -6.821210263296962e-13
    },
    "spine2_quaternion": {
        "w": 1.0,
        "x": 0.0,
        "y": 0.0,
        "z": 1.80555140205149e-34
    },
    "neck_quaternion": {
        "w": 0.9805806779388879,
        "x": 0.19611612389834499,
        "y": 0.0,
        "z": -2.229582593902737e-13
    },
    "head_quaternion": {
        "w": 1.0,
        "x": 0.0,
        "y": 0.0,
        "z": 2.3142171950110643e-36
    },
    "headtop_end_quaternion": {
        "w": 1.0,
        "x": 0.0,
        "y": 0.0,
        "z": 0.0
    },
    "lefteye_quaternion": {
        "w": 1.0,
        "x": 0.0,
        "y": 0.0,
        "z": 0.0
    },
    "righteye_quaternion": {
        "w": 1.0,
        "x": 0.0,
        "y": 0.0,
        "z": 0.0
    },
    "leftshoulder_quaternion": {
        "w": 0.9999999999999898,
        "x": -4.470348358154251e-08,
        "y": -3.856776145194948e-14,
        "z": 1.3563118272941073e-07
    },
    "leftarm_quaternion": {
        "w": 0.826333411670445,
        "x": 0.08263334239837725,
        "y": -0.5205900454121156,
        "z": -0.19832001436810895
    },
    "leftforearm_quaternion": {
        "w": 0.8509790898570215,
        "x": 0.08509791025375982,
        "y": -0.4510188932775144,
        "z": 0.2552937371015677
    },
    "lefthand_quaternion": {
        "w": 0.9889363520035749,
        "x": -0.14834045869505622,
        "y": -4.42088929481674e-08,
        "z": 9.971625770352396e-12
    },
    "lefthandthumb1_quaternion": {
        "w": 0.9999999898122608,
        "x": -9.023705114414611e-05,
        "y": -8.055161660895284e-05,
        "z": 7.57904337215501e-05
    },
    "lefthandthumb2_quaternion": {
        "w": 0.9805797450113115,
        "x": 1.0292942724569613e-07,
        "y": 0.196120788422753,
        "z": 4.6881115460526975e-06
    },
    "lefthandthumb3_quaternion": {
        "w": 0.9805807903369309,
        "x": 4.571432726968386e-12,
        "y": 0.19611556190625543,
        "z": -6.273927779992466e-07
    },
    "lefthandthumb4_quaternion": {
        "w": 1.0,
        "x": 0.0,
        "y": 0.0,
        "z": 0.0
    },
    "lefthandindex1_quaternion": {
        "w": 0.957826289935076,
        "x": 7.13636060986079e-08,
        "y": 6.439909140507106e-12,
        "z": -0.28734786985325406
    },
    "lefthandindex2_quaternion": {
        "w": 0.9805806779388826,
        "x": -1.022825143164436e-07,
        "y": -1.4611781165303138e-08,
        "z": -0.19611612389834393
    },
    "lefthandindex3_quaternion": {
        "w": 0.9805806891787248,
        "x": 8.288420839770324e-15,
        "y": -1.4585424359833015e-08,
        "z": -0.19611606769914858
    },
    "lefthandindex4_quaternion": {
        "w": 1.0,
        "x": 0.0,
        "y": 0.0,
        "z": 0.0
    },
    "lefthandmiddle1_quaternion": {
        "w": 0.9578262820785323,
        "x": 1.4272718720632202e-08,
        "y": 4.280529496735839e-08,
        "z": -0.2873478960417387
    },
    "lefthandmiddle2_quaternion": {
        "w": 0.9805806779388877,
        "x": -1.461178813274799e-08,
        "y": 0.0,
        "z": -0.19611612389834496
    },
    "lefthandmiddle3_quaternion": {
        "w": 0.9805806807488475,
        "x": 5.485923136478554e-16,
        "y": 6.5918100463489035e-12,
        "z": -0.19611610984854608
    },
    "lefthandmiddle4_quaternion": {
        "w": 1.0,
        "x": 0.0,
        "y": 0.0,
        "z": 0.0
    },
    "lefthandring1_quaternion": {
        "w": 0.9284766889769301,
        "x": 2.7670755017126716e-08,
        "y": 2.7664517342149802e-08,
        "z": -0.37139068112492435
    },
    "lefthandring2_quaternion": {
        "w": 0.9950371952013248,
        "x": -2.9654412208973485e-08,
        "y": -2.963434531455691e-08,
        "z": -0.09950366910761971
    },
    "lefthandring3_quaternion": {
        "w": 0.9950371893291629,
        "x": 5.9308824067938927e-08,
        "y": 1.4820513222546263e-08,
        "z": -0.09950372782924202
    },
    "lefthandring4_quaternion": {
        "w": 1.0,
        "x": 0.0,
        "y": 0.0,
        "z": 0.0
    },
    "lefthandpinky1_quaternion": {
        "w": 0.9284766985185724,
        "x": 2.767075695079568e-08,
        "y": 1.384162027370369e-08,
        "z": -0.37139065727081944
    },
    "lefthandpinky2_quaternion": {
        "w": 0.9950371893291642,
        "x": 2.9654412033969503e-08,
        "y": 1.4820517641399074e-08,
        "z": -0.09950372782924215
    },
    "lefthandpinky3_quaternion": {
        "w": 0.9950371937332837,
        "x": -5.9308824330444926e-08,
        "y": 2.9667795986617524e-08,
        "z": -0.0995036837880253
    },
    "lefthandpinky4_quaternion": {
        "w": 1.0,
        "x": 0.0,
        "y": 0.0,
        "z": 0.0
    },
    "rightshoulder_quaternion": {
        "w": 0.9999999999999991,
        "x": -1.4901161193847643e-08,
        "y": -4.3930442237497637e-14,
        "z": -4.2395697619212984e-08
    },
    "rightarm_quaternion": {
        "w": 0.8795989939628595,
        "x": 0.08795990070699058,
        "y": 0.35183960282796234,
        "z": 0.30785964264418225
    },
    "rightforearm_quaternion": {
        "w": 0.890870802055102,
        "x": 0.08908708153301115,
        "y": 0.3563483261320446,
        "z": -0.26726125123653816
    },
    "righthand_quaternion": {
        "w": 0.9805806751273843,
        "x": -0.196116137947835,
        "y": 1.774549095265028e-06,
        "z": -4.1277453418633934e-10
    },
    "righthandpinky1_quaternion": {
        "w": 0.9999999999035465,
        "x": 7.450558569380388e-08,
        "y": -1.3888894498929455e-05,
        "z": -1.490219503209082e-08
    },
    "righthandpinky2_quaternion": {
        "w": 0.9999999999039626,
        "x": -1.4900951582309558e-08,
        "y": 1.3859092176550402e-05,
        "z": 1.4915229938583287e-08
    },
    "righthandpinky3_quaternion": {
        "w": 0.999999999999996,
        "x": -8.940694584680351e-08,
        "y": 6.194789211621984e-19,
        "z": 1.3318336310438331e-15
    },
    "righthandpinky4_quaternion": {
        "w": 1.0,
        "x": 0.0,
        "y": 0.0,
        "z": 0.0
    },
    "righthandring1_quaternion": {
        "w": 0.9999999999999991,
        "x": 2.980231528226793e-08,
        "y": -2.9795387490594267e-08,
        "z": 1.4915020329908644e-08
    },
    "righthandring2_quaternion": {
        "w": 0.9999999999999982,
        "x": -2.9802315282267902e-08,
        "y": 2.9781521249105883e-08,
        "z": -4.471733561217653e-08
    },
    "righthandring3_quaternion": {
        "w": 0.9999999999999953,
        "x": 5.960463056453563e-08,
        "y": -1.486649647830511e-08,
        "z": 7.451271244462953e-08
    },
    "righthandring4_quaternion": {
        "w": 1.0,
        "x": 0.0,
        "y": 0.0,
        "z": 0.0
    },
    "righthandmiddle1_quaternion": {
        "w": 0.9999999999999984,
        "x": 1.4901155864777115e-08,
        "y": -4.46896244454819e-08,
        "z": 2.982311286814361e-08
    },
    "righthandmiddle2_quaternion": {
        "w": 0.9999999999999998,
        "x": -1.4901158529312394e-08,
        "y": 1.4901164746561332e-08,
        "z": -6.930772795954441e-12
    },
    "righthandmiddle3_quaternion": {
        "w": 0.9999999998438236,
        "x": 5.96038418527905e-08,
        "y": -1.767335197379468e-05,
        "z": -4.469067248903758e-08
    },
    "righthandmiddle4_quaternion": {
        "w": 1.0,
        "x": 0.0,
        "y": 0.0,